-- MySQL dump 10.13  Distrib 8.0.19, for Linux (x86_64)
--
-- Host: localhost    Database: articles
-- ------------------------------------------------------
-- Server version	8.0.19-0ubuntu5

/*!40101 SET @OLD_CHARACTER_SET_CLIENT=@@CHARACTER_SET_CLIENT */;
/*!40101 SET @OLD_CHARACTER_SET_RESULTS=@@CHARACTER_SET_RESULTS */;
/*!40101 SET @OLD_COLLATION_CONNECTION=@@COLLATION_CONNECTION */;
/*!50503 SET NAMES utf8mb4 */;
/*!40103 SET @OLD_TIME_ZONE=@@TIME_ZONE */;
/*!40103 SET TIME_ZONE='+00:00' */;
/*!40014 SET @OLD_UNIQUE_CHECKS=@@UNIQUE_CHECKS, UNIQUE_CHECKS=0 */;
/*!40014 SET @OLD_FOREIGN_KEY_CHECKS=@@FOREIGN_KEY_CHECKS, FOREIGN_KEY_CHECKS=0 */;
/*!40101 SET @OLD_SQL_MODE=@@SQL_MODE, SQL_MODE='NO_AUTO_VALUE_ON_ZERO' */;
/*!40111 SET @OLD_SQL_NOTES=@@SQL_NOTES, SQL_NOTES=0 */;

--
-- Table structure for table `Articles`
--

DROP TABLE IF EXISTS `Articles`;
/*!40101 SET @saved_cs_client     = @@character_set_client */;
/*!50503 SET character_set_client = utf8mb4 */;
CREATE TABLE `Articles` (
  `id` int NOT NULL AUTO_INCREMENT,
  `title` varchar(25) NOT NULL,
  `categories_id` int NOT NULL,
  `user_id` int NOT NULL,
  PRIMARY KEY (`id`),
  KEY `categories_id` (`categories_id`),
  KEY `user_id` (`user_id`),
  CONSTRAINT `Articles_ibfk_1` FOREIGN KEY (`categories_id`) REFERENCES `Categories` (`id`),
  CONSTRAINT `Articles_ibfk_2` FOREIGN KEY (`user_id`) REFERENCES `Users` (`id`)
) ENGINE=InnoDB AUTO_INCREMENT=8 DEFAULT CHARSET=utf8mb4 COLLATE=utf8mb4_0900_ai_ci;
/*!40101 SET character_set_client = @saved_cs_client */;

--
-- Dumping data for table `Articles`
--

LOCK TABLES `Articles` WRITE;
/*!40000 ALTER TABLE `Articles` DISABLE KEYS */;
INSERT INTO `Articles` VALUES (1,'ML in Home',1,1),(2,'AI in Car',2,4),(3,'AWS in World',5,3),(4,'DSA in CS',4,2),(5,'DBMS in Office',3,5),(6,'AI in Home',2,1),(7,'AWS in Clouds',5,5);
/*!40000 ALTER TABLE `Articles` ENABLE KEYS */;
UNLOCK TABLES;

--
-- Table structure for table `Categories`
--

DROP TABLE IF EXISTS `Categories`;
/*!40101 SET @saved_cs_client     = @@character_set_client */;
/*!50503 SET character_set_client = utf8mb4 */;
CREATE TABLE `Categories` (
  `id` int NOT NULL AUTO_INCREMENT,
  `name` varchar(25) DEFAULT NULL,
  PRIMARY KEY (`id`)
) ENGINE=InnoDB AUTO_INCREMENT=6 DEFAULT CHARSET=utf8mb4 COLLATE=utf8mb4_0900_ai_ci;
/*!40101 SET character_set_client = @saved_cs_client */;

--
-- Dumping data for table `Categories`
--

LOCK TABLES `Categories` WRITE;
/*!40000 ALTER TABLE `Categories` DISABLE KEYS */;
INSERT INTO `Categories` VALUES (1,'ML'),(2,'AI'),(3,'DBMS'),(4,'DSA'),(5,'AWS');
/*!40000 ALTER TABLE `Categories` ENABLE KEYS */;
UNLOCK TABLES;

--
-- Table structure for table `Comments`
--

DROP TABLE IF EXISTS `Comments`;
/*!40101 SET @saved_cs_client     = @@character_set_client */;
/*!50503 SET character_set_client = utf8mb4 */;
CREATE TABLE `Comments` (
  `id` int NOT NULL AUTO_INCREMENT,
  `comment` varchar(25) NOT NULL,
  `article_id` int NOT NULL,
  `user_id` int NOT NULL,
  PRIMARY KEY (`id`),
  KEY `article_id` (`article_id`),
  KEY `user_id` (`user_id`),
  CONSTRAINT `Comments_ibfk_1` FOREIGN KEY (`article_id`) REFERENCES `Articles` (`id`),
  CONSTRAINT `Comments_ibfk_2` FOREIGN KEY (`user_id`) REFERENCES `Users` (`id`)
) ENGINE=InnoDB AUTO_INCREMENT=11 DEFAULT CHARSET=utf8mb4 COLLATE=utf8mb4_0900_ai_ci;
/*!40101 SET character_set_client = @saved_cs_client */;

--
-- Dumping data for table `Comments`
--

LOCK TABLES `Comments` WRITE;
/*!40000 ALTER TABLE `Comments` DISABLE KEYS */;
INSERT INTO `Comments` VALUES (1,'Wow',1,1),(2,'Awesome',1,1),(3,'Amazing',1,2),(4,'Nice',1,3),(5,'Keep it up',2,3),(6,'Good',2,3),(7,'Beautiful',4,3),(8,'Pretty',4,4),(9,'Average',5,5),(10,'Good',6,4);
/*!40000 ALTER TABLE `Comments` ENABLE KEYS */;
UNLOCK TABLES;

--
-- Table structure for table `Users`
--

DROP TABLE IF EXISTS `Users`;
/*!40101 SET @saved_cs_client     = @@character_set_client */;
/*!50503 SET character_set_client = utf8mb4 */;
CREATE TABLE `Users` (
  `id` int NOT NULL AUTO_INCREMENT,
  `name` varchar(25) DEFAULT NULL,
  `type` enum('Admin','Normal') DEFAULT NULL,
  PRIMARY KEY (`id`)
) ENGINE=InnoDB AUTO_INCREMENT=6 DEFAULT CHARSET=utf8mb4 COLLATE=utf8mb4_0900_ai_ci;
/*!40101 SET character_set_client = @saved_cs_client */;

--
-- Dumping data for table `Users`
--

LOCK TABLES `Users` WRITE;
/*!40000 ALTER TABLE `Users` DISABLE KEYS */;
INSERT INTO `Users` VALUES (1,'Sparsh','Admin'),(2,'Naman','Normal'),(3,'Utsav','Admin'),(4,'Aman','Normal'),(5,'Abhishek','Normal');
/*!40000 ALTER TABLE `Users` ENABLE KEYS */;
UNLOCK TABLES;
/*!40103 SET TIME_ZONE=@OLD_TIME_ZONE */;

/*!40101 SET SQL_MODE=@OLD_SQL_MODE */;
/*!40014 SET FOREIGN_KEY_CHECKS=@OLD_FOREIGN_KEY_CHECKS */;
/*!40014 SET UNIQUE_CHECKS=@OLD_UNIQUE_CHECKS */;
/*!40101 SET CHARACTER_SET_CLIENT=@OLD_CHARACTER_SET_CLIENT */;
/*!40101 SET CHARACTER_SET_RESULTS=@OLD_CHARACTER_SET_RESULTS */;
/*!40101 SET COLLATION_CONNECTION=@OLD_COLLATION_CONNECTION */;
/*!40111 SET SQL_NOTES=@OLD_SQL_NOTES */;

-- Dump completed on 2021-07-27 21:55:46
